日付,タスク名,開始時間,所要時間,タグ名
10/07,授業・通学,16:00,1,大学
10/07,BIM特論のレポート1,17:00,1,課題
10/07,夜ご飯,18:00,1,生活
10/07,BIM特論のレポート1,19:00,2,課題
10/07,お風呂,21:00,1,生活
10/07,適性検査の勉強,22:00,2,就活
10/08,朝ごはん,08:00,1,生活
10/08,授業・通学,09:00,3,大学
10/08,昼ごはん,12:00,1,生活
10/08,授業・通学,13:00,4,大学
10/08,BIM特論のレポート1,17:00,1,課題
10/08,夜ご飯,18:00,1,生活
10/08,BIM特論のレポート1（完成）,19:00,1,課題
10/08,BIM特論のレポート2,20:00,1,課題
10/08,お風呂,21:00,1,生活
10/08,適性検査の勉強,22:00,2,就活
10/09,朝ごはん,08:00,1,生活
10/09,授業・通学,09:00,3,大学
10/09,昼ごはん,12:00,1,生活
10/09,BIM特論のレポート2,13:00,3,課題
10/09,授業・通学,16:00,2,大学
10/09,夜ご飯,18:00,1,生活
10/09,適性検査の勉強,19:00,2,就活
10/09,お風呂,21:00,1,生活
10/09,都市計画のレポート,22:00,2,課題
10/10,朝ごはん,08:00,1,生活
10/10,BIM特論のレポート2（完成）,09:00,3,課題
10/10,昼ごはん,12:00,1,生活
10/10,都市計画のレポート,13:00,3,課題
10/10,適性検査の勉強,16:00,2,就活
10/10,夜ご飯,18:00,1,生活
10/10,都市計画のレポート,19:00,2,課題
10/10,お風呂,21:00,1,生活
10/10,適性検査の勉強,22:00,2,就活
10/11,朝ごはん,08:00,1,生活
10/11,BIM特論レポート1・2の最終確認,09:00,1,課題
10/11,BIM特論レポート1・2の提出,10:00,1,課題
10/11,都市計画のレポート,11:00,1,課題
10/11,昼ごはん,12:00,1,生活
10/11,都市計画のレポート,13:00,3,課題
10/11,適性検査の勉強（総仕上げ）,16:00,2,就活
10/11,夜ご飯,18:00,1,生活
10/11,適性検査の勉強（総仕上げ）,19:00,2,就活
10/11,お風呂,21:00,1,生活
10/11,予備時間,22:00,2,その他
10/12,朝ごはん,08:00,1,生活
10/12,都市計画のレポート（最終確認）,09:00,1,課題
10/12,都市計画のレポート（提出）,10:00,1,課題
10/12,適性検査 受験準備,11:00,1,就活
10/12,昼ごはん,12:00,1,生活
10/12,適性検査 受験,13:00,2,就活
10/12,自由時間,15:00,3,その他
10/12,夜ご飯,18:00,1,生活
10/12,自由時間,19:00,2,その他
10/12,お風呂,21:00,1,生活
10/12,自由時間,22:00,2,その他
